firstName,lastName,fullName,gender,birthDate,birthYear
Salaidh,Fursey,Salaidh Bierman,female,06.12.1970,2019
Dorey,Meale,Dorey Sever,male,02.12.1970,2019
Grier,Nelthorpe,Grier Burkart,female,2/24/1970,2019
Ira,Slogrove,Ira McGorman,male,10.04.1970,2019
Lou,Gowdy,Lou Westover,male,8/24/1970,2019
Averil,Hymers,Averil Oxe,male,6/30/1970,2019
Helen,Shoulder,Darya Gillford,female,4/19/1970,2019
Leslie,Hatchman,Fern Columbine,male,05.08.1970,2019
Hannah,Widdup,Neddie Jakubowsky,female,06.06.1970,2019
Brant,Fursey,Trenton Corbishley,male,4/26/1970,2019
Emogene,Linskey,Derwin Rudland,female,8/25/1970,2019
Maible,Neath,Dierdre Greensides,female,2/21/1970,2019
Salaidh,Huke,Vikki Naris,female,9/30/1970,2019
Dorey,Bertholin,Amalia Bertholin,female,5/29/1970,2019
Grier,Batisse,Germain Batisse,male,4/24/1970,2019
Ira,Konke,Anthiathia Konke,male,07.09.1970,2019
Lou,Testro,Georgeanne Testro,male,8/24/1970,2019
Averil,Gillford,Darya Gillford,male,02.04.1970,2019
Fern,Columbine,Fern Columbine,male,06.07.1970,2019
Neddie,Jakubowsky,Neddie Jakubowsky,female,7/24/1970,2019
Trenton,Corbishley,Trenton Corbishley,female,5/27/1970,2019
Derwin,Rudland,Derwin Rudland,female,4/28/1970,2018
Dierdre,Greensides,Dierdre Greensides,female,4/29/1970,2019
Vikki,Naris,Vikki Naris,male,1/23/1970,2019
Blakeley,Ciric,Blakeley Ciric,female,02.05.1970,2018
Nowell,Stearn,Nowell Stearn,male,6/30/1970,2019
Danella,Whimp,Danella Whimp,female,5/14/1970,2019
Euell,Green,Euell Green,male,03.10.1970,2019
Emelyne,Limer,Emelyne Limer,male,9/13/1970,2019
Brenda,Bywater,Brenda Bywater,female,05.01.1970,2018
Loren,Marconi,Loren Marconi,female,7/30/1970,2019
Nathalie,Marrison,Nathalie Marrison,female,09.07.1970,2018
Wandie,Qualtro,Wandie Qualtro,female,10/14/1970,2019
Bennie,Bigglestone,Bennie Bigglestone,male,07.09.1970,2018
Susette,Healks,Susette Healks,male,06.12.1970,2019
Trina,Ocheltree,Trina Ocheltree,male,07.01.1970,2018
Arlin,Innott,Arlin Innott,female,7/21/1970,2018
Shalne,Glasbey,Shalne Glasbey,female,2/18/1970,2019
Ellsworth,Claiden,Ellsworth Claiden,male,4/28/1970,2018
Angus,Fursey,Angus Fursey,female,7/28/1970,2019
Flossy,Meale,Flossy Meale,female,10.06.1970,2018
Rosaline,Nelthorpe,Rosaline Nelthorpe,male,4/19/1970,2018
Eddie,Slogrove,Eddie Slogrove,female,1/27/1970,2019
Veradis,Gowdy,Veradis Gowdy,female,3/27/1970,2018
Shannon,Hymers,Shannon Hymers,male,8/29/1970,2019
Francisca,Shoulder,Francisca Shoulder,male,4/16/1970,2019
Cinnamon,Hatchman,Cinnamon Hatchman,male,2/18/1970,2018
Livia,Widdup,Livia Widdup,male,4/16/1970,2018
Haleigh,Brimelow,Haleigh Brimelow,male,05.02.1970,2019
Brittaney,Verdy,Brittaney Verdy,female,4/18/1970,2019
Sherwood,Schankelborg,Sherwood Schankelborg,female,2/27/1970,2019
Berk,Shimmin,Berk Shimmin,female,02.08.1970,2019
Keefer,Noble,Keefer Noble,male,8/27/1970,2019
Kerstin,Roddan,Kerstin Roddan,female,7/20/1970,2019
Berrie,Gumary,Berrie Gumary,male,2/18/1970,2019
Rheba,Durante,Rheba Durante,female,9/27/1970,2019
Merrick,Ricciardo,Merrick Ricciardo,female,9/23/1970,2019
Aldrich,Molloy,Aldrich Molloy,male,02.01.1970,2018
Janenna,Pockett,Janenna Pockett,male,05.10.1970,2019
Fairfax,Malthouse,Fairfax Malthouse,female,07.08.1970,2019
Mariquilla,Stilgo,Mariquilla Stilgo,male,9/29/1970,2019
Ivar,Gurney,Ivar Gurney,male,8/29/1970,2019
Hirsch,Sigsworth,Hirsch Sigsworth,female,03.12.1970,2019
Lynn,Gallienne,Lynn Gallienne,female,06.10.1970,2019
Rowney,Vondrys,Rowney Vondrys,female,05.12.1970,2019
Kimberlee,Popple,Kimberlee Popple,female,8/26/1970,2019
Tricia,Oakhill,Tricia Oakhill,female,2/23/1970,2019
Riccardo,Norville,Riccardo Norville,male,1/20/1970,2019
Winifield,Blanckley,Winifield Blanckley,male,10.11.1970,2019
Kare,De Angelis,Kare De Angelis,male,06.01.1970,2018
Gib,Pinn,Gib Pinn,male,02.09.1970,2019
Ricky,Tysack,Ricky Tysack,female,10.01.1970,2019
Bartholomeus,Girardeau,Bartholomeus Girardeau,male,08.12.1970,2018
Yolanda,Trowsdale,Yolanda Trowsdale,female,2/28/1970,2018
Berke,Withers,Berke Withers,male,04.08.1970,2019
Lexi,Castagnier,Lexi Castagnier,male,1/24/1970,2018
Berkly,Thiem,Berkly Thiem,male,2/21/1970,2019
Lianna,Woodyatt,Lianna Woodyatt,female,07.01.1970,2018
Marybelle,Bentall,Marybelle Bentall,female,6/26/1970,2019
Wilhelm,Giovanetti,Wilhelm Giovanetti,male,09.11.1970,2018
Carlin,Ratlee,Carlin Ratlee,female,2/22/1970,2018
Charmian,Cuming,Charmian Cuming,male,2/18/1970,2019
Taddeusz,Caseborne,Taddeusz Caseborne,female,9/29/1970,2019
Etheline,Josefsohn,Etheline Josefsohn,female,09.11.1970,2019
Giacomo,Geri,Giacomo Geri,female,08.12.1970,2019
Cami,Cissell,Cami Cissell,female,6/24/1970,2019
Gasper,Keeting,Gasper Keeting,male,9/29/1970,2019
Cherilyn,Brooking,Cherilyn Brooking,female,06.08.1970,2019
Tiffani,Troyes,Tiffani Troyes,male,7/24/1970,2019
Lonny,Tebbutt,Lonny Tebbutt,male,1/18/1970,2019
Ignatius,Waggett,Ignatius Waggett,male,5/28/1970,2019
Ainslee,Kolyagin,Ainslee Kolyagin,male,3/29/1970,2019
Alison,Peacock,Alison Peacock,female,2/26/1970,2019
Bernardina,Radbourn,Bernardina Radbourn,female,6/19/1970,2019
Fiona,Siccombe,Fiona Siccombe,female,8/14/1970,2019
Lindsey,Rendbaek,Lindsey Rendbaek,male,1/20/1970,2018
Ron,Mackney,Ron Mackney,female,09.03.1970,2019
Chris,Sego,Chris Sego,female,08.04.1970,2019
Jonell,Garfoot,Jonell Garfoot,male,6/14/1970,2019
