firstName,lastName,fullName,gender,birthDate,birthYear,personalEmail,mobilePhone,homeAddress,city,postalCode,country,LoyaltyID
Salaidh,Fursey,Salaidh Bierman,female,6/12/1970,2019,sbierman0@qq.com,717-368-6841,8407 Rutledge Point,Charleston,29424,United States,17110
Dorey,Meale,Dorey Sever,male,2/12/1970,2019,dsever1@i2i.jp,502-639-6124,577 Sunfield Trail,Corpus Christi,78410,United States,40280
Grier,Nelthorpe,Grier Burkart,female,2/24/1970,2019,gburkart2@cisco.com,608-483-1280,9966 Vera Terrace,Zephyrhills,33543,United States,53716
Ira,Slogrove,Ira McGorman,male,10/4/1970,2019,imcgorman3@latimes.com,806-739-7121,9 Troy Drive,Knoxville,37931,United States,79105
Lou,Gowdy,Lou Westover,male,8/24/1970,2019,lwestover4@java.com,407-567-4885,22 Porter Parkway,Norwalk,6854,United States,32830
Averil,Hymers,Averil Oxe,male,6/30/1970,2019,aoxe5@etsy.com,202-961-7607,61254 Calypso Circle,Washington,20067,United States,20036
Helen,Shoulder,Darya Gillford,female,4/19/1970,2019,htomaszewicz6@blinklist.com,904-923-3027,296 Mesta Alley,Pittsburgh,15255,United States,32230
Leslie,Hatchman,Fern Columbine,male,5/8/1970,2019,lcrowd7@bloglovin.com,402-171-9263,6 Mosinee Junction,Buffalo,14276,United States,68144
Hannah,Widdup,Neddie Jakubowsky,female,6/6/1970,2019,hjosifovic8@ezinearticles.com,814-953-9227,228 Sherman Hill,Winston Salem,27150,United States,16534
Brant,Fursey,Trenton Corbishley,male,4/26/1970,2019,bwanley9@dailymail.co.uk,318-357-7960,28294 Muir Avenue,Louisville,40298,United States,71307
Emogene,Linskey,Derwin Rudland,female,8/25/1970,2019,elinskeya@ft.com,919-877-1534,7415 Dennis Way,Young America,55573,United States,27635
Maible,Neath,Dierdre Greensides,female,2/21/1970,2019,mneathb@opera.com,253-685-5256,8697 Rigney Lane,Las Vegas,89105,United States,98516
Salaidh,Huke,Vikki Naris,female,9/30/1970,2019,mneathb@opera.com,971-602-2085,59577 Kenwood Terrace,Great Neck,11024,United States,97271
Dorey,Bertholin,Amalia Bertholin,female,5/29/1970,2019,abertholind@infoseek.co.jp,585-495-6361,4796 Menomonie Court,Flushing,11355,United States,14619
Grier,Batisse,Germain Batisse,male,4/24/1970,2019,gbatissee@jugem.jp,602-381-4594,480 Drewry Point,Scranton,18505,United States,85284
Ira,Konke,Anthiathia Konke,male,7/9/1970,2019,akonkef@ebay.com,313-573-7837,14474 Northport Park,Washington,20057,United States,48217
Lou,Testro,Georgeanne Testro,male,8/24/1970,2019,gtestrog@yandex.ru,330-960-1923,643 Kedzie Center,Honolulu,96825,United States,44710
Averil,Gillford,Darya Gillford,male,2/4/1970,2019,dgillfordh@mac.com,713-900-5241,40204 Eastwood Terrace,Dayton,45426,United States,77288
Fern,Columbine,Fern Columbine,male,6/7/1970,2019,fcolumbinei@reddit.com,608-116-1725,50 Eastlawn Pass,Fullerton,92835,United States,53726
Neddie,Jakubowsky,Neddie Jakubowsky,female,7/24/1970,2019,mneathb@opera.com,336-995-5373,50286 Canary Place,Los Angeles,90071,United States,27409
Trenton,Corbishley,Trenton Corbishley,female,5/27/1970,2019,tcorbishleyk@cmu.edu,713-924-9799,4389 Lakewood Gardens Court,Aurora,80045,United States,77234
Derwin,Rudland,Derwin Rudland,female,4/28/1970,2018,drudlandl@de.vu,407-682-7449,1337 Norway Maple Park,Vancouver,98664,United States,32868
Dierdre,Greensides,Dierdre Greensides,female,4/29/1970,2019,dgreensidesm@webnode.com,513-829-7124,8112 Northport Park,Flushing,11355,United States,45223
Vikki,Naris,Vikki Naris,male,1/23/1970,2019,vnarisn@bloglines.com,813-197-6719,7 Express Park,Saint Paul,55108,United States,33686
Blakeley,Ciric,Blakeley Ciric,female,2/5/1970,2018,bcirico@goo.gl,702-477-2002,5396 Oakridge Alley,Danbury,6816,United States,89105
Nowell,Stearn,Nowell Stearn,male,6/30/1970,2019,nstearnp@technorati.com,757-167-2265,31783 Menomonie Lane,El Paso,88519,United States,23663
Danella,Whimp,Danella Whimp,female,5/14/1970,2019,dwhimpq@thetimes.co.uk,918-676-5961,724 Meadow Valley Road,Warren,44485,United States,74184
Euell,Green,Euell Green,male,3/10/1970,2019,mneathb@opera.com,504-822-4707,248 Gina Alley,Anchorage,99599,United States,70174
Emelyne,Limer,Emelyne Limer,male,9/13/1970,2019,elimers@accuweather.com,970-811-8512,55916 Little Fleur Trail,Springfield,1129,United States,81505
Brenda,Bywater,Brenda Bywater,female,5/1/1970,2018,bbywatert@amazon.com,661-406-0315,50 Melvin Way,Jacksonville,32244,United States,93305
Loren,Marconi,Loren Marconi,female,7/30/1970,2019,lmarconiu@arizona.edu,404-522-8908,405 Jenifer Street,San Francisco,94121,United States,31136
Nathalie,Marrison,Nathalie Marrison,female,9/7/1970,2018,nmarrisonv@w3.org,323-957-4049,44610 Eggendart Park,Boca Raton,33499,United States,90035
Wandie,Qualtro,Wandie Qualtro,female,10/14/1970,2019,wqualtrow@reuters.com,205-125-2726,2038 Dennis Center,Grand Forks,58207,United States,35215
Bennie,Bigglestone,Bennie Bigglestone,male,7/9/1970,2018,bbigglestonex@va.gov,914-593-4637,88 Waxwing Avenue,Corona,92883,United States,10464
Susette,Healks,Susette Healks,male,6/12/1970,2019,shealksy@desdev.cn,404-763-2377,44913 Rowland Court,Waco,76711,United States,30045
Trina,Ocheltree,Trina Ocheltree,male,7/1/1970,2018,tocheltreez@altervista.org,330-336-1169,1 Merrick Avenue,Young America,55573,United States,44505
Arlin,Innott,Arlin Innott,female,7/21/1970,2018,ainnott10@mapy.cz,469-975-1852,4 Sutteridge Place,Irving,75062,United States,75287
Shalne,Glasbey,Shalne Glasbey,female,2/18/1970,2019,mneathb@opera.com,410-584-2164,84707 Moose Court,Dallas,75265,United States,21216
Ellsworth,Claiden,Ellsworth Claiden,male,4/28/1970,2018,eclaiden12@hud.gov,212-282-5175,21 Granby Court,Rochester,14652,United States,10150
Angus,Fursey,Angus Fursey,female,7/28/1970,2019,afursey13@huffingtonpost.com,321-331-7687,939 Melby Trail,Chicago,60619,United States,32835
Flossy,Meale,Flossy Meale,female,10/6/1970,2018,fmeale14@ucoz.com,202-765-1963,9582 Cardinal Pass,Pasadena,91199,United States,20022
Rosaline,Nelthorpe,Rosaline Nelthorpe,male,4/19/1970,2018,rnelthorpe15@usnews.com,858-883-2180,9209 Sachtjen Hill,Montgomery,36109,United States,92132
Eddie,Slogrove,Eddie Slogrove,female,1/27/1970,2019,eslogrove16@toplist.cz,516-870-4940,484 Caliangt Avenue,Raleigh,27690,United States,11054
Veradis,Gowdy,Veradis Gowdy,female,3/27/1970,2018,vgowdy17@flavors.me,571-550-0219,97 Lakewood Gardens Way,Phoenix,85067,United States,22156
Shannon,Hymers,Shannon Hymers,male,8/29/1970,2019,shymers18@about.me,772-765-7879,0 Basil Pass,South Bend,46620,United States,34985
Francisca,Shoulder,Francisca Shoulder,male,4/16/1970,2019,fshoulder19@hubpages.com,214-659-1406,81 Ridge Oak Alley,Phoenix,85053,United States,75372
Cinnamon,Hatchman,Cinnamon Hatchman,male,2/18/1970,2018,chatchman1a@amazon.com,334-762-8953,18110 Prairie Rose Park,Reno,89510,United States,36195
Livia,Widdup,Livia Widdup,male,4/16/1970,2018,lwiddup1b@canalblog.com,312-860-1780,99 Eagle Crest Trail,Cumming,30130,United States,60674
Haleigh,Brimelow,Haleigh Brimelow,male,5/2/1970,2019,hbrimelow1c@ted.com,757-425-5753,9 Clarendon Way,Omaha,68164,United States,23663
Brittaney,Verdy,Brittaney Verdy,female,4/18/1970,2019,bverdy1d@godaddy.com,505-352-7389,3833 Duke Point,Dallas,75397,United States,87105
Sherwood,Schankelborg,Sherwood Schankelborg,female,2/27/1970,2019,sschankelborg1e@dagondesign.com,402-369-4368,88917 1st Court,Columbia,29220,United States,68105
Berk,Shimmin,Berk Shimmin,female,2/8/1970,2019,mneathb@opera.com,626-836-4908,2 Northfield Drive,Los Angeles,90076,United States,91131
Keefer,Noble,Keefer Noble,male,8/27/1970,2019,knoble1g@multiply.com,757-317-6480,6 Pond Park,Toledo,43610,United States,23459
Kerstin,Roddan,Kerstin Roddan,female,7/20/1970,2019,kroddan1h@shinystat.com,214-209-5043,572 Union Park,Toledo,43610,United States,75310
Berrie,Gumary,Berrie Gumary,male,2/18/1970,2019,bgumary1i@youtube.com,714-175-5853,443 Melby Plaza,Bakersfield,93305,United States,92835
Rheba,Durante,Rheba Durante,female,9/27/1970,2019,rdurante1j@amazon.de,785-162-5780,1 Thompson Center,Charlotte,28263,United States,66611
Merrick,Ricciardo,Merrick Ricciardo,female,9/23/1970,2019,mricciardo1k@time.com,907-910-1964,61 Graedel Pass,Savannah,31410,United States,99709
Aldrich,Molloy,Aldrich Molloy,male,2/1/1970,2018,amolloy1l@uiuc.edu,402-655-6456,4372 Hansons Street,Huntsville,35815,United States,68164
Janenna,Pockett,Janenna Pockett,male,5/10/1970,2019,jpockett1m@amazonaws.com,318-390-4747,7836 Cherokee Lane,Anniston,36205,United States,71307
Fairfax,Malthouse,Fairfax Malthouse,female,7/8/1970,2019,fmalthouse1n@livejournal.com,608-807-8630,87323 Manley Plaza,Seattle,98109,United States,53716
Mariquilla,Stilgo,Mariquilla Stilgo,male,9/29/1970,2019,mstilgo1o@newyorker.com,513-463-0168,15 Aberg Alley,Asheville,28815,United States,45264
Ivar,Gurney,Ivar Gurney,male,8/29/1970,2019,igurney1p@g.co,713-319-4908,775 Service Street,Lexington,40510,United States,77234
Hirsch,Sigsworth,Hirsch Sigsworth,female,3/12/1970,2019,hsigsworth1q@nature.com,504-931-4074,1318 Utah Circle,West Palm Beach,33416,United States,70179
Lynn,Gallienne,Lynn Gallienne,female,6/10/1970,2019,lgallienne1r@google.co.jp,407-159-9832,7 Porter Alley,Denton,76205,United States,32885
Rowney,Vondrys,Rowney Vondrys,female,5/12/1970,2019,rvondrys1s@bluehost.com,502-253-7799,46 8th Junction,Durham,27710,United States,40280
Kimberlee,Popple,Kimberlee Popple,female,8/26/1970,2019,kpopple1t@nasa.gov,318-374-2756,417 Pennsylvania Alley,Atlanta,30328,United States,71115
Tricia,Oakhill,Tricia Oakhill,female,2/23/1970,2019,toakhill1u@ehow.com,405-902-7895,70 Merrick Road,Saint Louis,63180,United States,73119
Riccardo,Norville,Riccardo Norville,male,1/20/1970,2019,rnorville1v@vinaora.com,469-288-4157,8889 Lakewood Drive,Denver,80217,United States,75342
Winifield,Blanckley,Winifield Blanckley,male,10/11/1970,2019,wblanckley1w@oracle.com,302-254-7200,3662 Upham Terrace,Aurora,80045,United States,19805
Kare,De Angelis,Kare De Angelis,male,6/1/1970,2018,kde1x@mapquest.com,228-461-2626,12249 Nancy Plaza,Sioux Falls,57193,United States,39534
Gib,Pinn,Gib Pinn,male,2/9/1970,2019,gpinn1y@google.nl,402-217-3993,0 Surrey Road,Dallas,75210,United States,68164
Ricky,Tysack,Ricky Tysack,female,10/1/1970,2019,rtysack1z@goodreads.com,803-828-1409,90790 Kingsford Street,San Jose,95160,United States,29220
Bartholomeus,Girardeau,Bartholomeus Girardeau,male,8/12/1970,2018,bgirardeau20@bing.com,319-467-5661,97166 Calypso Street,Minneapolis,55448,United States,52405
Yolanda,Trowsdale,Yolanda Trowsdale,female,2/28/1970,2018,ytrowsdale21@gmpg.org,478-933-9597,7971 Moose Trail,Des Moines,50362,United States,31205
Berke,Withers,Berke Withers,male,4/8/1970,2019,bwithers22@cbsnews.com,419-872-2116,69 Marcy Court,Colorado Springs,80920,United States,43605
Lexi,Castagnier,Lexi Castagnier,male,1/24/1970,2018,lcastagnier23@archive.org,952-117-5918,67381 Kinsman Drive,Boca Raton,33487,United States,39534
Berkly,Thiem,Berkly Thiem,male,2/21/1970,2019,bthiem24@histats.com,317-260-2836,20 Waxwing Hill,Saint Paul,55103,United States,68164
Lianna,Woodyatt,Lianna Woodyatt,female,7/1/1970,2018,lwoodyatt25@eventbrite.com,302-381-1214,6343 Monument Crossing,Toledo,43615,United States,29220
Marybelle,Bentall,Marybelle Bentall,female,6/26/1970,2019,mbentall26@clickbank.net,404-763-2876,62546 Orin Street,Oakland,94611,United States,52405
Wilhelm,Giovanetti,Wilhelm Giovanetti,male,9/11/1970,2018,wgiovanetti27@squidoo.com,786-592-9218,245 Coolidge Lane,Savannah,31416,United States,31205
Carlin,Ratlee,Carlin Ratlee,female,2/22/1970,2018,cratlee28@time.com,805-176-8077,4842 Elka Circle,Louisville,40298,United States,43605
Charmian,Cuming,Charmian Cuming,male,2/18/1970,2019,ccuming29@accuweather.com,318-547-8016,063 Oxford Point,Washington,20057,United States,39534
Taddeusz,Caseborne,Taddeusz Caseborne,female,9/29/1970,2019,tcaseborne2a@mapy.cz,504-580-6056,9 Summit Court,Tampa,33661,United States,68164
Etheline,Josefsohn,Etheline Josefsohn,female,9/11/1970,2019,ejosefsohn2b@w3.org,717-515-8242,444 Reinke Alley,Colorado Springs,80945,United States,29220
Giacomo,Geri,Giacomo Geri,female,8/12/1970,2019,ggeri2c@barnesandnoble.com,313-943-1511,97071 Sutteridge Way,Las Cruces,88006,United States,52405
Cami,Cissell,Cami Cissell,female,6/24/1970,2019,ccissell2d@liveinternet.ru,419-546-0996,55 Derek Drive,Reston,20195,United States,31205
Gasper,Keeting,Gasper Keeting,male,9/29/1970,2019,gkeeting2e@imgur.com,571-908-7404,0384 Transport Place,West Palm Beach,33405,United States,43605
Cherilyn,Brooking,Cherilyn Brooking,female,6/8/1970,2019,cbrooking2f@merriam-webster.com,212-179-8031,99 Almo Trail,Mesa,85205,United States,39534
Tiffani,Troyes,Tiffani Troyes,male,7/24/1970,2019,ttroyes2g@4shared.com,312-615-7647,7 Twin Pines Point,Richmond,23277,United States,68164
Lonny,Tebbutt,Lonny Tebbutt,male,1/18/1970,2019,ltebbutt2h@vistaprint.com,907-391-6355,9046 Algoma Hill,Tuscaloosa,35487,United States,29220
Ignatius,Waggett,Ignatius Waggett,male,5/28/1970,2019,iwaggett2i@networkadvertising.org,239-757-5768,54 Longview Trail,San Antonio,78225,United States,52405
Ainslee,Kolyagin,Ainslee Kolyagin,male,3/29/1970,2019,akolyagin2j@tuttocitta.it,763-618-0312,0253 Springs Trail,Los Angeles,90045,United States,31205
Alison,Peacock,Alison Peacock,female,2/26/1970,2019,apeacock2k@phoca.cz,661-929-9149,248 Hazelcrest Lane,Cincinnati,45228,United States,43605
Bernardina,Radbourn,Bernardina Radbourn,female,6/19/1970,2019,bradbourn2l@dion.ne.jp,316-859-1110,197 Grover Park,Brooklyn,11247,United States,39534
Fiona,Siccombe,Fiona Siccombe,female,8/14/1970,2019,fsiccombe2m@odnoklassniki.ru,321-151-2976,41264 American Ash Avenue,Atlanta,31165,United States,68164
Lindsey,Rendbaek,Lindsey Rendbaek,male,1/20/1970,2018,lrendbaek2n@twitter.com,305-367-4232,591 Eagle Crest Junction,San Jose,95160,United States,29220
Ron,Mackney,Ron Mackney,female,9/3/1970,2019,rmackney2o@slashdot.org,770-465-5522,99 Corscot Trail,Boston,2208,United States,52405
Chris,Sego,Chris Sego,female,8/4/1970,2019,csego2p@elegantthemes.com,928-488-8478,582 Village Green Place,Washington,20226,United States,31205
Jonell,Garfoot,Jonell Garfoot,male,6/14/1970,2019,jgarfoot2q@ask.com,530-662-0373,09 Basil Lane,Springfield,62723,United States,43605